{"cameraMode":{"drawMode":0,"name":"Shaded","section":"Shading Mode"},"sceneLighting":false,"audioPlay":false,"sceneViewState":{"m_AlwaysRefresh":false,"showFog":true,"showSkybox":false,"showFlares":true,"showImageEffects":true,"showParticleSystems":true,"showVisualEffectGraphs":true,"m_FxEnabled":true},"in2DMode":false,"pivot":{"x":215.28453063964845,"y":8.909910202026368,"z":267.98858642578127},"rotation":{"x":0.09965018928050995,"y":0.6763509511947632,"z":-0.09311247617006302,"w":0.7238380312919617},"size":0.000017993890651268885,"orthographic":false}