{"cameraMode":{"drawMode":0,"name":"Shaded","section":"Shading Mode"},"sceneLighting":false,"audioPlay":false,"sceneViewState":{"m_AlwaysRefresh":false,"showFog":true,"showSkybox":true,"showFlares":true,"showImageEffects":true,"showParticleSystems":true,"showVisualEffectGraphs":true,"m_FxEnabled":true},"in2DMode":false,"pivot":{"x":744.1654052734375,"y":0.39280614256858828,"z":567.1911010742188},"rotation":{"x":0.014701621606945992,"y":-0.7119258642196655,"z":0.015417370945215226,"w":0.7013758420944214},"size":3.1038668155670168,"orthographic":false}